datetime,open,high,low,close,volume
2025-11-13T00:00:00+00:00,0.7486299999999985,0.7526099999999984,0.7400699999999986,0.7427099999999985,1018083
2025-11-20T00:00:00+00:00,0.7427099999999985,0.7463399999999986,0.7370899999999986,0.7459499999999986,988820
2025-11-27T00:00:00+00:00,0.7459499999999986,0.7553799999999985,0.7456099999999986,0.7552099999999985,902499
2025-12-04T00:00:00+00:00,0.7552099999999985,0.7644599999999985,0.7545399999999984,0.7633299999999984,788024
2025-12-11T00:00:00+00:00,0.7633299999999984,0.7637599999999984,0.7565399999999984,0.7569699999999984,892600
2025-12-18T00:00:00+00:00,0.7569699999999984,0.7684099999999983,0.7558899999999984,0.7670899999999983,856513
2025-12-25T00:00:00+00:00,0.7670899999999983,0.7707899999999983,0.7640099999999983,0.7653399999999984,530945
2026-01-01T00:00:00+00:00,0.7653399999999984,0.7762899999999984,0.7653399999999984,0.7716399999999984,598438
2026-01-08T00:00:00+00:00,0.7716399999999984,0.7729799999999983,0.7659899999999984,0.7683599999999983,762324
2026-01-15T00:00:00+00:00,0.7683599999999983,0.7787899999999983,0.7669799999999983,0.7770999999999983,773898
2026-01-22T00:00:00+00:00,0.7770999999999983,0.8027399999999983,0.7763699999999983,0.8024699999999984,1036767
2026-01-29T00:00:00+00:00,0.8024699999999984,0.8078199999999983,0.7907499999999983,0.7995599999999984,1444901
2026-02-05T00:00:00+00:00,0.7995599999999984,0.8147099999999984,0.7896099999999984,0.8130599999999983,970992
2026-02-12T00:00:00+00:00,0.8130599999999983,0.8150999999999984,0.8042199999999983,0.8056299999999983,1061910
2026-02-19T00:00:00+00:00,0.8056299999999983,0.8145899999999983,0.8029299999999984,0.8142399999999983,1040344
2026-02-26T00:00:00+00:00,0.8142399999999983,0.8220599999999982,0.8041899999999983,0.8171599999999982,1933725
2026-03-05T00:00:00+00:00,0.8171599999999982,0.8329799999999982,0.8071399999999983,0.8293399999999982,2120692
2026-03-12T00:00:00+00:00,0.8293399999999982,0.8303399999999982,0.8117099999999982,0.8154199999999981,1706239
2026-03-19T00:00:00+00:00,0.8154199999999981,0.8240399999999982,0.8065599999999981,0.8101399999999981,2793442
2026-03-26T00:00:00+00:00,0.8101399999999981,0.8121399999999982,0.7992299999999982,0.8086899999999981,1688482
2026-04-02T00:00:00+00:00,0.8086899999999981,0.8237499999999982,0.8018699999999982,0.8195499999999982,1627929
2026-04-09T00:00:00+00:00,0.8195499999999982,0.8384699999999982,0.8174899999999982,0.8376299999999981,1108726
2026-04-16T00:00:00+00:00,0.8376299999999981,0.8438799999999981,0.8358999999999981,0.8412799999999981,1141288
2026-04-23T00:00:00+00:00,0.8412799999999981,0.847129999999998,0.8363799999999981,0.8386999999999981,1301338
2026-04-30T00:00:00+00:00,0.8386999999999981,0.8527099999999981,0.837909999999998,0.8486099999999981,1362458
2026-05-07T00:00:00+00:00,0.8486099999999981,0.8541699999999983,0.8449499999999982,0.8526899999999983,861242
2026-05-14T00:00:00+00:00,0.8526899999999983,0.8534399999999983,0.8350499999999983,0.8422299999999983,1104263
2026-05-21T00:00:00+00:00,0.8422299999999983,0.8439799999999983,0.8364499999999983,0.8381799999999983,858255
2026-05-28T00:00:00+00:00,0.8381799999999983,0.8444399999999983,0.8338399999999982,0.8381399999999982,1022317
2026-06-04T00:00:00+00:00,0.8381399999999982,0.8403199999999983,0.8264199999999983,0.8266499999999982,1547219
2026-06-11T00:00:00+00:00,0.8266499999999982,0.8361899999999982,0.8248399999999982,0.8287299999999982,1490197
2026-06-18T00:00:00+00:00,0.8287299999999982,0.8315099999999982,0.8152799999999982,0.8169699999999983,1122065
2026-06-25T00:00:00+00:00,0.8169699999999983,0.8206599999999983,0.8141899999999982,0.8169799999999983,1077981
2026-07-02T00:00:00+00:00,0.8169799999999983,0.8238899999999983,0.8160799999999983,0.8207799999999983,1080634
2026-07-09T00:00:00+00:00,0.8207799999999983,0.8305899999999982,0.8197399999999982,0.8289899999999982,1013171
2026-07-16T00:00:00+00:00,0.8289899999999982,0.8325899999999983,0.8250899999999982,0.8294899999999983,930189
2026-07-23T00:00:00+00:00,0.8294899999999983,0.8320299999999983,0.8201499999999983,0.8233199999999983,1087274
2026-07-30T00:00:00+00:00,0.8233199999999983,0.8317599999999983,0.8225399999999983,0.8311399999999983,288050
